Workbook

Sheet Subcategory Scores
A1: Function | B1: Category ID | C1: Category Name | D1: Subcategory ID | E1: Subcategory Outcome (NIST CSF 2.0) | F1: CMMI Score (1-5) | G1: Controls In Place (Northwind) | H1: Primary Evidence Document | I1: Residual Client Question
A2: Govern | B2: GV.OC | C2: Organizational Context | D2: GV.OC-01 | E2: The organizational mission is understood and informs cybersecurity risk management | F2: 3 | G2: Cybersecurity risk management is explicitly referenced in Northwind's group strategy documents and board-level risk appetite statement, linking cyber risk to the retail banking and general insurance business plans. | H2: Group Risk Management Strategy
A3: Govern | B3: GV.OC | C3: Organizational Context | D3: GV.OC-02 | E3: Internal and external stakeholders are understood, and their needs and expectations regarding cybersecurity risk management are understood and considered | F3: 3 | G3: Stakeholder needs (retail and insurance customers, PRA, FCA, regulators, shareholders) are catalogued in a stakeholder register reviewed annually by the Compliance Officer. | H3: Stakeholder Register / Info Sec Policy intro
A4: Govern | B4: GV.OC | C4: Organizational Context | D4: GV.OC-03 | E4: Legal, regulatory, and contractual requirements regarding cybersecurity — including privacy and civil liberties obligations — are understood and managed | F4: 3 | G4: The Compliance Officer maintains a documented, dated inventory of applicable regulatory requirements (UK GDPR, PRA/FCA Operational Resilience, SYSC 8/13, SM&CR); no formal line-item mapping exists yet from each requirement to a specific internal control. | H4: Regulatory Requirements Register | I4: Can you show a mapping from a specific PRA/FCA requirement to an internal control?
A5: Govern | B5: GV.OC | C5: Organizational Context | D5: GV.OC-04 | E5: Critical objectives, capabilities, and services that external stakeholders depend on or expect from the organization are understood and communicated | F5: 3 | G5: Critical services relied upon by customers and regulators (current accounts, claims processing) are documented in the Operational Resilience 'important business services' register. | H5: Operational Resilience Policy / Important Business Services Register
A6: Govern | B6: GV.OC | C6: Organizational Context | D6: GV.OC-05 | E6: Outcomes, capabilities, and services that the organization depends on are understood and communicated | F6: 3 | G6: Dependencies on the legacy core banking platform and the SaaS insurance platform are documented as part of the important business services mapping. | H6: Operational Resilience Policy
A7: Govern | B7: GV.RM | C7: Risk Management Strategy | D7: GV.RM-01 | E7: Risk management objectives are established and agreed to by organizational stakeholders | F7: 3 | G7: Risk management objectives are agreed annually by the Board Risk Committee and cascaded to BU heads. | H7: Risk Management Strategy
A8: Govern | B8: GV.RM | C8: Risk Management Strategy | D8: GV.RM-02 | E8: Risk appetite and risk tolerance statements are established, communicated, and maintained | F8: 3 | G8: Risk appetite and tolerance statements exist and are reviewed annually, though tolerance is expressed qualitatively rather than against quantified impact tolerances for all important business services. | H8: Risk Appetite Statement
A9: Govern | B9: GV.RM | C9: Risk Management Strategy | D9: GV.RM-03 | E9: Cybersecurity risk management activities and outcomes are included in enterprise risk management processes | F9: 3 | G9: Cyber risk is a standing line item in the enterprise risk register reviewed by the Board Risk Committee. | H9: Enterprise Risk Register
A10: Govern | B10: GV.RM | C10: Risk Management Strategy | D10: GV.RM-04 | E10: Strategic direction that describes appropriate risk response options is established and communicated | F10: 3 | G10: Strategic risk response options (accept/mitigate/transfer/avoid) are documented in the risk management strategy and applied by the Compliance Officer and CISO. | H10: Risk Management Strategy
A11: Govern | B11: GV.RM | C11: Risk Management Strategy | D11: GV.RM-05 | E11: Lines of communication across the organization are established for cybersecurity risks, including risks from suppliers and other third parties | F11: 3 | G11: Lines of communication for cyber risk, including supplier-originated risk, run through the CISO to the Board Risk Committee. | H11: Governance / Escalation Chart
A12: Govern | B12: GV.RM | C12: Risk Management Strategy | D12: GV.RM-06 | E12: A standardized method for calculating, documenting, categorizing, and prioritizing cybersecurity risks is established and communicated | F12: 3 | G12: A standardised risk scoring methodology (likelihood x impact matrix) is documented and applied consistently across BUs. | H12: Risk Management Strategy / Risk Register methodology appendix
A13: Govern | B13: GV.RM | C13: Risk Management Strategy | D13: GV.RM-07 | E13: Strategic opportunities (i.e., positive risks) are characterized and are included in organizational cybersecurity risk discussions | F13: 3 | G13: Positive/strategic opportunities are noted qualitatively in risk committee papers but not yet tracked as a discrete category alongside negative risk. | H13: Board Risk Committee minutes
A14: Govern | B14: GV.RR | C14: Roles, Responsibilities, and Authorities | D14: GV.RR-01 | E14: Organizational leadership is responsible and accountable for cybersecurity risk and fosters a culture that is risk-aware, ethical, and continually improving | F14: 4 | G14: Under SM&CR, the CISO holds a Senior Manager Function with personal statutory accountability for cyber risk, formally recorded in the Statement of Responsibilities and reinforced through board-level tone-from-the-top messaging. | H14: SM&CR Statement of Responsibilities
A15: Govern | B15: GV.RR | C15: Roles, Responsibilities, and Authorities | D15: GV.RR-02 | E15: Roles, responsibilities, and authorities related to cybersecurity risk management are established, communicated, understood, and enforced | F15: 4 | G15: Cybersecurity roles and responsibilities are documented in the Info Sec Policy and RACI matrix, communicated to all BU heads, and enforced through job descriptions. | H15: Info Sec Policy / RACI Matrix
A16: Govern | B16: GV.RR | C16: Roles, Responsibilities, and Authorities | D16: GV.RR-03 | E16: Adequate resources are allocated commensurate with the cybersecurity risk strategy, roles, responsibilities, and policies | F16: 3 | G16: Cybersecurity budget and headcount are allocated annually against the risk strategy, though resourcing for the legacy core banking security function is comparatively thin versus the newer insurance platform team. | H16: Annual Budget Papers | J16: Doesn't look too important for an evidence- can skip, may affect the maturity of the control but should be ok
A17: Govern | B17: GV.RR | C17: Roles, Responsibilities, and Authorities | D17: GV.RR-04 | E17: Cybersecurity is included in human resources practices | F17: 3 | G17: Cybersecurity responsibilities are included in job descriptions and onboarding/offboarding checklists managed by HR. | H17: HR Security Policy
A18: Govern | B18: GV.PO | C18: Policy | D18: GV.PO-01 | E18: Policy for managing cybersecurity risks is established based on organizational context, cybersecurity strategy, and priorities and is communicated and enforced | F18: 4 | G18: A Board-approved Information Security Policy establishes cybersecurity policy based on organisational context and strategy, communicated to all staff and enforced through the disciplinary policy. | H18: Info Sec Policy
A19: Govern | B19: GV.PO | C19: Policy | D19: GV.PO-02 | E19: Policy for managing cybersecurity risks is reviewed, updated, communicated, and enforced to reflect changes in requirements, threats, technology, and organizational mission | F19: 3 | G19: Policy review is scheduled annually, though the most recent Info Sec Policy review lags roughly six months behind the stated cadence. | H19: Info Sec Policy version history
A20: Govern | B20: GV.OV | C20: Oversight | D20: GV.OV-01 | E20: Cybersecurity risk management strategy outcomes are reviewed to inform and adjust strategy and direction | F20: 3 | G20: Cyber risk management outcomes are reported to the Board Risk Committee quarterly and used to adjust the risk strategy. | H20: Board Risk Committee papers
A21: Govern | B21: GV.OV | C21: Oversight | D21: GV.OV-02 | E21: The cybersecurity risk management strategy is reviewed and adjusted to ensure coverage of organizational requirements and risks | F21: 3 | G21: The risk management strategy is reviewed annually against emerging requirements, including Operational Resilience impact tolerance testing results. | H21: Risk Management Strategy review log
A22: Govern | B22: GV.OV | C22: Oversight | D22: GV.OV-03 | E22: Organizational cybersecurity risk management performance is evaluated and reviewed for adjustments needed | F22: 3 | G22: Cybersecurity programme performance is evaluated annually via an internal audit review, though findings-closure tracking is informal. | H22: Internal Audit Report
A23: Govern | B23: GV.SC | C23: Cybersecurity Supply Chain Risk Management | D23: GV.SC-01 | E23: A cybersecurity supply chain risk management program, strategy, objectives, policies, and processes are established and agreed to by organizational stakeholders | F23: 3 | G23: A documented cyber supply chain risk management programme and policy exist and are agreed by BU heads. | H23: Vendor Risk Management Policy
A24: Govern | B24: GV.SC | C24: Cybersecurity Supply Chain Risk Management | D24: GV.SC-02 | E24: Cybersecurity roles and responsibilities for suppliers, customers, and partners are established, communicated, and coordinated internally and externally | F24: 3 | G24: Cybersecurity roles for suppliers, including the core banking hosting provider and the SaaS insurance vendor, are defined in the Vendor Risk Management Policy. | H24: Vendor Risk Management Policy
A25: Govern | B25: GV.SC | C25: Cybersecurity Supply Chain Risk Management | D25: GV.SC-03 | E25: Cybersecurity supply chain risk management is integrated into cybersecurity and enterprise risk management, risk assessment, and improvement processes | F25: 3 | G25: Supply chain risk is integrated into the enterprise risk register as a distinct risk category. | H25: Enterprise Risk Register
A26: Govern | B26: GV.SC | C26: Cybersecurity Supply Chain Risk Management | D26: GV.SC-04 | E26: Suppliers are known and prioritized by criticality | F26: 3 | G26: Suppliers are catalogued and tiered by criticality in the vendor list (10 vendors, criticality-tiered). | H26: Vendor List
A27: Govern | B27: GV.SC | C27: Cybersecurity Supply Chain Risk Management | D27: GV.SC-05 | E27: Requirements to address cybersecurity risks in supply chains are established, prioritized, and integrated into contracts and other types of agreements with suppliers and other relevant third parties | F27: 3 | G27: Cybersecurity clauses are built into standard contract templates for new supplier agreements. | H27: Standard Supplier Contract Template
A28: Govern | B28: GV.SC | C28: Cybersecurity Supply Chain Risk Management | D28: GV.SC-06 | E28: Planning and due diligence are performed to reduce risks before entering into formal supplier or other third-party relationships | F28: 3 | G28: Due diligence questionnaires are completed for new critical suppliers before onboarding. | H28: Supplier Due Diligence Questionnaire
A29: Govern | B29: GV.SC | C29: Cybersecurity Supply Chain Risk Management | D29: GV.SC-07 | E29: The risks posed by a supplier, their products and services, and other third parties are understood, recorded, prioritized, assessed, responded to, and monitored over the course of the relationship | F29: 3 | G29: Ongoing supplier risk is recorded and reviewed annually for critical-tier vendors, though non-critical vendors are reviewed on an ad hoc basis. | H29: Vendor List / Vendor Review Log
A30: Govern | B30: GV.SC | C30: Cybersecurity Supply Chain Risk Management | D30: GV.SC-08 | E30: Relevant suppliers and other third parties are included in incident planning, response, and recovery activities | F30: 2 | G30: Critical suppliers are named in vendor contracts but are not formally included in incident response or recovery plan testing exercises. | H30: IR Plan (gap noted) | I30: Are suppliers, e.g. the core banking hosting provider, included in any incident response tabletop exercises?
A31: Govern | B31: GV.SC | C31: Cybersecurity Supply Chain Risk Management | D31: GV.SC-09 | E31: Supply chain security practices are integrated into cybersecurity and enterprise risk management programs, and their performance is monitored throughout the technology product and service life cycle | F31: 2 | G31: Supply chain security expectations are set at contract signing but ongoing performance against them is not systematically monitored through the vendor lifecycle. | H31: Vendor Risk Management Policy | I31: How is supplier security performance monitored after contract signature, if at all?
A32: Govern | B32: GV.SC | C32: Cybersecurity Supply Chain Risk Management | D32: GV.SC-10 | E32: Cybersecurity supply chain risk management plans include provisions for activities that occur after the conclusion of a partnership or service agreement | F32: 2 | G32: Contracts do not consistently include provisions covering data return, deletion, or access revocation at the end of a supplier relationship. | H32: Standard Supplier Contract Template | I32: What happens to data access and return obligations when a supplier relationship ends?
A33: Identify | B33: ID.AM | C33: Asset Management | D33: ID.AM-01 | E33: Inventories of hardware managed by the organization are maintained | F33: 3 | G33: Hardware inventory for the legacy core banking estate is well-maintained via the IT asset management system; general insurance SaaS platform hardware is out of scope since it is vendor-hosted. | H33: Asset Inventory (10-20 rows)
A34: Identify | B34: ID.AM | C34: Asset Management | D34: ID.AM-02 | E34: Inventories of software, services, and systems managed by the organization are maintained | F34: 2 | G34: Software, services and systems are inventoried, but the SaaS insurance platform's underlying service dependencies are not fully catalogued. | H34: Asset Inventory | I34: Is there a software/service inventory covering the SaaS insurance platform's dependencies?
A35: Identify | B35: ID.AM | C35: Asset Management | D35: ID.AM-03 | E35: Representations of the organization's authorized network communication and internal and external network data flows are maintained | F35: 2 | G35: Network diagrams exist for the on-prem core banking environment; data flows to and from the SaaS insurance platform are not formally mapped. | H35: Network Architecture Diagram | I35: Is there a data flow diagram covering traffic between core banking and the SaaS insurance platform?
A36: Identify | B36: ID.AM | C36: Asset Management | D36: ID.AM-04 | E36: Inventories of services provided by suppliers are maintained | F36: 2 | G36: Supplier-provided services are listed in the vendor list but not cross-referenced against the asset inventory. | H36: Vendor List
A37: Identify | B37: ID.AM | C37: Asset Management | D37: ID.AM-05 | E37: Assets are prioritized based on classification, criticality, resources, and impact on the mission | F37: 2 | G37: Assets are classified by criticality in the asset inventory, though the classification scheme is applied inconsistently between BUs. | H37: Asset Inventory / Data Classification Policy
A38: Identify | B38: ID.AM | C38: Asset Management | D38: ID.AM-07 | E38: Inventories of data and corresponding metadata for designated data types are maintained | F38: 2 | G38: A data inventory exists for regulated customer data categories, but metadata (retention period, classification, owner) is incomplete for a portion of records. | H38: Data Classification Policy
A39: Identify | B39: ID.AM | C39: Asset Management | D39: ID.AM-08 | E39: Systems, hardware, software, services, and data are managed throughout their life cycles | F39: 2 | G39: Asset lifecycle management (decommissioning, disposal) is performed but not tracked centrally; the legacy core banking platform in particular lacks a documented end-of-life roadmap. | H39: Asset Inventory | I39: Is there a documented lifecycle/decommissioning plan for the core banking platform?
A40: Identify | B40: ID.RA | C40: Risk Assessment | D40: ID.RA-01 | E40: Vulnerabilities in assets are identified, validated, and recorded | F40: 2 | G40: Vulnerability scanning is performed on the core banking estate and validated findings are recorded in a vulnerability tracker; coverage of the SaaS insurance platform relies on the vendor's own disclosures. | H40: Vuln Mgmt Standard
A41: Identify | B41: ID.RA | C41: Risk Assessment | D41: ID.RA-02 | E41: Cyber threat intelligence is received from information sharing forums and sources | F41: 2 | G41: Threat intelligence feeds are subscribed to but consumption is informal, without a documented process for triage. | H41: Vuln Mgmt Standard
A42: Identify | B42: ID.RA | C42: Risk Assessment | D42: ID.RA-03 | E42: Internal and external threats to the organization are identified and recorded | F42: 2 | G42: Internal and external threats are recorded in the risk register, refreshed annually rather than continuously. | H42: Risk Register
A43: Identify | B43: ID.RA | C43: Risk Assessment | D43: ID.RA-04 | E43: Potential impacts and likelihoods of threats exploiting vulnerabilities are identified and recorded | F43: 2 | G43: Impact and likelihood of identified threats are scored using the standard risk matrix. | H43: Risk Register
A44: Identify | B44: ID.RA | C44: Risk Assessment | D44: ID.RA-05 | E44: Threats, vulnerabilities, likelihoods, and impacts are used to understand inherent risk and inform risk response prioritization | F44: 2 | G44: Risk scores inform prioritisation of remediation, though the linkage between risk register entries and the actual remediation backlog is manual. | H44: Risk Register
A45: Identify | B45: ID.RA | C45: Risk Assessment | D45: ID.RA-06 | E45: Risk responses are chosen, prioritized, planned, tracked, and communicated | F45: 2 | G45: Risk responses are tracked in the risk register with an owner and target date, though target dates slip without formal escalation. | H45: Risk Register
A46: Identify | B46: ID.RA | C46: Risk Assessment | D46: ID.RA-07 | E46: Changes and exceptions are managed, assessed for risk impact, recorded, and tracked | F46: 2 | G46: Changes are assessed for risk impact through a change advisory board process for the core banking platform; SaaS platform changes are managed by the vendor with limited Northwind visibility. | H46: Change Management Policy | I46: What visibility does Northwind have into the SaaS vendor's own change risk assessments?
A47: Identify | B47: ID.RA | C47: Risk Assessment | D47: ID.RA-08 | E47: Processes for receiving, analyzing, and responding to vulnerability disclosures are established | F47: 1 | G47: There is no formally documented process for receiving and triaging external vulnerability disclosures (e.g., a responsible disclosure policy). | H47: None identified | I47: Is there any process for external researchers or partners to report a vulnerability?
A48: Identify | B48: ID.RA | C48: Risk Assessment | D48: ID.RA-09 | E48: The authenticity and integrity of hardware and software are assessed prior to acquisition and use | F48: 2 | G48: Hardware/software authenticity is checked for core banking procurements via approved supplier lists, though this is not formally documented as a pre-acquisition control. | H48: Vendor Risk Management Policy
A49: Identify | B49: ID.RA | C49: Risk Assessment | D49: ID.RA-10 | E49: Critical suppliers are assessed prior to acquisition | F49: 2 | G49: Critical suppliers undergo a due diligence assessment prior to onboarding, per the Vendor Risk Management Policy. | H49: Supplier Due Diligence Questionnaire
A50: Identify | B50: ID.IM | C50: Improvement | D50: ID.IM-01 | E50: Improvements are identified from evaluations | F50: 2 | G50: Improvement actions are identified from internal audit and risk assessment findings and logged, though closure tracking is inconsistent. | H50: Internal Audit Report
A51: Identify | B51: ID.IM | C51: Improvement | D51: ID.IM-02 | E51: Improvements are identified from security tests and exercises, including those done in coordination with suppliers and relevant third parties | F51: 2 | G51: Lessons from the one documented incident six months ago fed into a post-incident review, but no regular testing/exercise cadence (e.g., annual tabletop) is yet established. | H51: Incident Log / Post-Incident Review
A52: Identify | B52: ID.IM | C52: Improvement | D52: ID.IM-03 | E52: Improvements are identified from execution of operational processes, procedures, and activities | F52: 2 | G52: Operational process improvements are identified informally by BU heads but not systematically logged as a continuous improvement register. | H52: None identified — informal only
A53: Identify | B53: ID.IM | C53: Improvement | D53: ID.IM-04 | E53: Incident response plans and other cybersecurity plans that affect operations are established, communicated, maintained, and improved | F53: 2 | G53: An Incident Response Plan exists and is reviewed periodically, though the plan is acknowledged internally to be underdeveloped for the recovery phase. | H53: IR Plan (intentionally weak)
A54: Protect | B54: PR.AA | C54: Identity Management, Authentication, and Access Control | D54: PR.AA-01 | E54: Identities and credentials for authorized users, services, and hardware are managed by the organization | F54: 2 | G54: Identity and credential management is handled through Active Directory for core banking and a separate identity store for the SaaS insurance platform, without a single unified identity governance process. | H54: Access Control Policy | I54: Is there a plan to unify identity management across the two platforms?
A55: Protect | B55: PR.AA | C55: Identity Management, Authentication, and Access Control | D55: PR.AA-02 | E55: Identities are proofed and bound to credentials based on the context of interactions | F55: 2 | G55: Identity proofing occurs at joiner stage via HR verification, but is not risk-tiered by role sensitivity. | H55: Access Control Policy
A56: Protect | B56: PR.AA | C56: Identity Management, Authentication, and Access Control | D56: PR.AA-03 | E56: Users, services, and hardware are authenticated | F56: 2 | G56: Standard user authentication (username/password, some MFA) is enforced for general staff access; MFA is not consistently enforced for privileged/administrative accounts on the legacy core banking platform. | H56: Access Control Policy | I56: Confirm current MFA enforcement status for privileged accounts on core banking.
A57: Protect | B57: PR.AA | C57: Identity Management, Authentication, and Access Control | D57: PR.AA-04 | E57: Identity assertions are protected, conveyed, and verified | F57: 2 | G57: Identity assertions (SSO tokens) are used for the SaaS insurance platform, but session/token protections on the legacy core banking platform rely on older protocols. | H57: Access Control Policy
A58: Protect | B58: PR.AA | C58: Identity Management, Authentication, and Access Control | D58: PR.AA-05 | E58: Access permissions, entitlements, and authorizations are defined in a policy, managed, enforced, and reviewed, and incorporate the principles of least privilege and separation of duties | F58: 1 | G58: Access permissions and least-privilege principles are defined in policy, but privileged accounts on the legacy core banking platform are not required to use multi-factor authentication, and periodic access reviews are not consistently performed. This is the confirmed control gap behind the incident logged six months ago. | H58: Access Control Policy / Incident Log | I58: Walk us through why MFA was not enforced for privileged core banking accounts, and what compensating controls, if any, were in place.
A59: Protect | B59: PR.AA | C59: Identity Management, Authentication, and Access Control | D59: PR.AA-06 | E59: Physical access to assets is managed, monitored, and enforced commensurate with risk | F59: 3 | G59: Physical access to head office and regional service centres is managed via badge access and visitor logs, reviewed quarterly by Operations. | H59: Physical Security Policy
A60: Protect | B60: PR.AT | C60: Awareness and Training | D60: PR.AT-01 | E60: Personnel are provided with awareness and training so that they possess the knowledge and skills to perform general tasks with cybersecurity risks in mind | F60: 3 | G60: General cybersecurity awareness training is mandatory annually for all staff and tracked to completion via the HR learning management system. | H60: Training Completion Records | J60: Doesn't look too important for an evidence- can skip, most probably will not affect the maturity of the control but should be ok
A61: Protect | B61: PR.AT | C61: Awareness and Training | D61: PR.AT-02 | E61: Individuals in specialized roles are provided with awareness and training so that they possess the knowledge and skills to perform relevant tasks with cybersecurity risks in mind | F61: 2 | G61: Specialised training exists for IT/security staff but is not formally mapped to role-specific risk (e.g., privileged access holders) or refreshed on a defined cadence. | H61: Training Completion Records | J61: Doesn't look too important for an evidence- can skip, most probably will not affect the maturity of the control but should be ok
A62: Protect | B62: PR.DS | C62: Data Security | D62: PR.DS-01 | E62: The confidentiality, integrity, and availability of data-at-rest are protected | F62: 2 | G62: Data-at-rest encryption is applied to the SaaS insurance platform by the vendor; encryption coverage on the legacy core banking database is partial. | H62: Data Classification Policy | I62: Which core banking data stores are not currently encrypted at rest, and why?
A63: Protect | B63: PR.DS | C63: Data Security | D63: PR.DS-02 | E63: The confidentiality, integrity, and availability of data-in-transit are protected | F63: 2 | G63: Data-in-transit is encrypted for customer-facing channels; some internal service-to-service traffic on the legacy platform is unencrypted. | H63: Data Classification Policy
A64: Protect | B64: PR.DS | C64: Data Security | D64: PR.DS-10 | E64: The confidentiality, integrity, and availability of data-in-use are protected | F64: 1 | G64: Protections for data-in-use (e.g., memory protections, secure enclaves) are not formally addressed in policy or architecture. | H64: None identified | I64: Has data-in-use protection been assessed for the core banking platform?
A65: Protect | B65: PR.DS | C65: Data Security | D65: PR.DS-11 | E65: Backups of data are created, protected, maintained, and tested | F65: 1 | G65: Backups are taken for core banking and insurance platform data, but restoration testing is infrequent and not evidenced on a defined schedule. | H65: BCP / Backup Policy | I65: When was the most recent backup restoration test, and what was the outcome?
A66: Protect | B66: PR.PS | C66: Platform Security | D66: PR.PS-01 | E66: Configuration management practices are established and applied | F66: 2 | G66: Configuration baselines exist for core banking servers but are not consistently enforced via automated configuration management tooling. | H66: Configuration Management Standard
A67: Protect | B67: PR.PS | C67: Platform Security | D67: PR.PS-02 | E67: Software is maintained, replaced, and removed commensurate with risk | F67: 2 | G67: Software patching follows a defined cycle for the core banking platform, though patch SLAs are missed for a meaningful share of medium-severity findings. | H67: Vuln Mgmt Standard
A68: Protect | B68: PR.PS | C68: Platform Security | D68: PR.PS-03 | E68: Hardware is maintained, replaced, and removed commensurate with risk | F68: 2 | G68: Hardware refresh is planned but the core banking platform includes components past standard vendor support life. | H68: Asset Inventory
A69: Protect | B69: PR.PS | C69: Platform Security | D69: PR.PS-04 | E69: Log records are generated and made available for continuous monitoring | F69: 2 | G69: Log records are generated across core systems and forwarded to a central logging platform, though retention and coverage on the SaaS insurance side is vendor-dependent and not independently verified. | H69: Logging & Monitoring Standard
A70: Protect | B70: PR.PS | C70: Platform Security | D70: PR.PS-05 | E70: Installation and execution of unauthorized software are prevented | F70: 2 | G70: Application allow-listing is applied to core banking servers but not extended to end-user workstations. | H70: Configuration Management Standard
A71: Protect | B71: PR.PS | C71: Platform Security | D71: PR.PS-06 | E71: Secure software development practices are integrated, and their performance is monitored throughout the software development life cycle | F71: 3 | G71: Secure software development practices (code review, dependency scanning) are integrated into the SaaS insurance platform's CI/CD pipeline via the vendor's SDLC, monitored through quarterly vendor security reports. | H71: Secure SDLC Policy / Vendor Security Report
A72: Protect | B72: PR.IR | C72: Technology Infrastructure Resilience | D72: PR.IR-01 | E72: Networks and environments are protected from unauthorized logical access and usage | F72: 2 | G72: Network segmentation separates core banking from corporate IT, though segmentation between corporate IT and the SaaS insurance connectivity is less mature. | H72: Network Architecture Diagram
A73: Protect | B73: PR.IR | C73: Technology Infrastructure Resilience | D73: PR.IR-02 | E73: The organization's technology assets are protected from environmental threats | F73: 2 | G73: Environmental protections (power, cooling, fire suppression) are in place at the primary data centre supporting core banking; documentation for the regional service centres is less complete. | H73: Physical Security Policy
A74: Protect | B74: PR.IR | C74: Technology Infrastructure Resilience | D74: PR.IR-03 | E74: Mechanisms are implemented to achieve resilience requirements in normal and adverse situations | F74: 2 | G74: Resilience mechanisms (failover, redundancy) exist for core banking but have not been tested against the impact tolerances defined under the Operational Resilience programme. | H74: Operational Resilience Policy | I74: Have failover mechanisms been tested against the defined impact tolerance for the core banking service?
A75: Protect | B75: PR.IR | C75: Technology Infrastructure Resilience | D75: PR.IR-04 | E75: Adequate resource capacity to ensure availability is maintained | F75: 2 | G75: Capacity planning is performed annually for core banking infrastructure; capacity monitoring for the SaaS platform is managed by the vendor with limited direct Northwind oversight. | H75: Operational Resilience Policy
A76: Detect | B76: DE.CM | C76: Continuous Monitoring | D76: DE.CM-01 | E76: Networks and network services are monitored to find potentially adverse events | F76: 4 | G76: Network monitoring is performed continuously via a SIEM platform with defined use cases, tuned and reviewed quarterly by the security operations function. | H76: Logging & Monitoring Standard / SIEM Runbook
A77: Detect | B77: DE.CM | C77: Continuous Monitoring | D77: DE.CM-02 | E77: The physical environment is monitored to find potentially adverse events | F77: 3 | G77: Physical environment monitoring (CCTV, environmental sensors) covers head office and both regional service centres. | H77: Physical Security Policy
A78: Detect | B78: DE.CM | C78: Continuous Monitoring | D78: DE.CM-03 | E78: Personnel activity and technology usage are monitored to find potentially adverse events | F78: 3 | G78: Personnel activity and technology usage are monitored via endpoint detection tooling deployed across corporate IT and core banking. | H78: Logging & Monitoring Standard
A79: Detect | B79: DE.CM | C79: Continuous Monitoring | D79: DE.CM-06 | E79: External service provider activities and services are monitored to find potentially adverse events | F79: 2 | G79: Monitoring of the SaaS insurance vendor's activities relies on vendor-provided reports rather than direct Northwind visibility into vendor-side logs. | H79: Vendor Security Report | I79: Does Northwind receive direct log access or only summary reports from the SaaS insurance vendor?
A80: Detect | B80: DE.CM | C80: Continuous Monitoring | D80: DE.CM-09 | E80: Computing hardware and software, runtime environments, and their data are monitored to find potentially adverse events | F80: 3 | G80: Computing hardware, software, and runtime environments are monitored for adverse events via the SIEM and endpoint tooling described above. | H80: SIEM Runbook
A81: Detect | B81: DE.AE | C81: Adverse Event Analysis | D81: DE.AE-02 | E81: Potentially adverse events are analyzed to better understand associated activities | F81: 3 | G81: Adverse events are triaged and analysed by the security operations function using a documented playbook. | H81: SIEM Runbook / SOC Playbook
A82: Detect | B82: DE.AE | C82: Adverse Event Analysis | D82: DE.AE-03 | E82: Information is correlated from multiple sources | F82: 3 | G82: Correlation across log sources (network, endpoint, identity) is performed within the SIEM. | H82: SIEM Runbook
A83: Detect | B83: DE.AE | C83: Adverse Event Analysis | D83: DE.AE-04 | E83: The estimated impact and scope of adverse events are understood | F83: 3 | G83: Impact and scope of adverse events are assessed as part of the standard triage playbook. | H83: SOC Playbook
A84: Detect | B84: DE.AE | C84: Adverse Event Analysis | D84: DE.AE-06 | E84: Information on adverse events is provided to authorized staff and tools | F84: 3 | G84: Adverse event information is routed to on-call security staff via the SIEM's alerting integration. | H84: SIEM Runbook
A85: Detect | B85: DE.AE | C85: Adverse Event Analysis | D85: DE.AE-07 | E85: Cyber threat intelligence and other contextual information are integrated into the analysis | F85: 3 | G85: Threat intelligence feeds are integrated into SIEM correlation rules, refreshed periodically. | H85: SIEM Runbook
A86: Detect | B86: DE.AE | C86: Adverse Event Analysis | D86: DE.AE-08 | E86: Incidents are declared when adverse events meet the defined incident criteria | F86: 3 | G86: Incidents are declared against documented criteria in the Incident Response Plan once triage confirms an adverse event meets the threshold. | H86: IR Plan
A87: Respond | B87: RS.MA | C87: Incident Management | D87: RS.MA-01 | E87: The incident response plan is executed in coordination with relevant third parties once an incident is declared | F87: 2 | G87: The Incident Response Plan is executed by the internal team when an incident is declared; coordination with relevant third parties (e.g., the core banking hosting provider) is referenced in the plan but not evidenced as tested. | H87: IR Plan
A88: Respond | B88: RS.MA | C88: Incident Management | D88: RS.MA-02 | E88: Incident reports are triaged and validated | F88: 2 | G88: Incident reports are triaged and validated by the security operations function against the SOC playbook. | H88: SOC Playbook
A89: Respond | B89: RS.MA | C89: Incident Management | D89: RS.MA-03 | E89: Incidents are categorized and prioritized | F89: 3 | G89: Incidents are categorised and prioritised using a defined severity matrix in the IR Plan. | H89: IR Plan
A90: Respond | B90: RS.MA | C90: Incident Management | D90: RS.MA-04 | E90: Incidents are escalated or elevated as needed | F90: 2 | G90: Escalation paths exist in the IR Plan, though the criteria for escalating to the CISO/Board are not precisely defined by severity threshold. | H90: IR Plan | I90: At what severity threshold does an incident get escalated to the CISO or Board Risk Committee?
A91: Respond | B91: RS.MA | C91: Incident Management | D91: RS.MA-05 | E91: The criteria for initiating incident recovery are applied | F91: 1 | G91: Criteria for initiating incident recovery are not clearly documented, and the transition from response to recovery was informal during the one logged incident. | H91: IR Plan / Incident Log | I91: What criteria trigger the handoff from incident response to recovery?
A92: Respond | B92: RS.AN | C92: Incident Analysis | D92: RS.AN-03 | E92: Analysis is performed to establish what has taken place during an incident and the root cause of the incident | F92: 2 | G92: Root cause analysis was performed for the logged incident, documented in a post-incident summary, though the methodology is not standardised for future incidents. | H92: Post-Incident Review
A93: Respond | B93: RS.AN | C93: Incident Analysis | D93: RS.AN-06 | E93: Actions performed during an investigation are recorded, and the records' integrity and provenance are preserved | F93: 2 | G93: Investigation actions were recorded for the logged incident; a formal chain-of-custody/evidence integrity process is not documented. | H93: Post-Incident Review | I93: Is there a documented evidence-handling/chain-of-custody procedure for investigations?
A94: Respond | B94: RS.AN | C94: Incident Analysis | D94: RS.AN-07 | E94: Incident data and metadata are collected, and their integrity and provenance are preserved | F94: 3 | G94: Incident data and metadata were collected and retained for the logged incident in line with the IR Plan's evidence-handling steps. | H94: IR Plan / Incident Log
A95: Respond | B95: RS.AN | C95: Incident Analysis | D95: RS.AN-08 | E95: An incident's magnitude is estimated and validated | F95: 1 | G95: The magnitude of the logged incident was estimated informally rather than through a documented impact-quantification method. | H95: Incident Log | I95: How was the business/financial impact of the incident estimated?
A96: Respond | B96: RS.CO | C96: Incident Response Reporting and Communication | D96: RS.CO-02 | E96: Internal and external stakeholders are notified of incidents | F96: 2 | G96: Internal stakeholders were notified during the logged incident; formal regulatory notification procedures (e.g., to the FCA/PRA under applicable reporting duties) exist but were not tested end-to-end. | H96: IR Plan
A97: Respond | B97: RS.CO | C97: Incident Response Reporting and Communication | D97: RS.CO-03 | E97: Information is shared with designated internal and external stakeholders | F97: 2 | G97: Information sharing with designated stakeholders followed the IR Plan's communication tree, though timeliness was inconsistent during the logged incident. | H97: Post-Incident Review
A98: Respond | B98: RS.MI | C98: Incident Mitigation | D98: RS.MI-01 | E98: Incidents are contained | F98: 2 | G98: The logged incident was contained by disabling the affected account and rotating credentials, per standard containment steps in the IR Plan. | H98: Incident Log / IR Plan
A99: Respond | B99: RS.MI | C99: Incident Mitigation | D99: RS.MI-02 | E99: Incidents are eradicated | F99: 2 | G99: Eradication steps were completed for the logged incident, though a formal verification step confirming eradication was not documented. | H99: Post-Incident Review | I99: Was eradication formally verified before systems were returned to production?
A100: Recover | B100: RC.RP | C100: Incident Recovery Plan Execution | D100: RC.RP-01 | E100: The recovery portion of the incident response plan is executed once initiated from the incident response process | F100: 3 | G100: The recovery portion of the IR Plan was executed following the logged incident, restoring the affected core banking service. | H100: IR Plan / Incident Log
...

Sheet Category Rollup
A1: Function | B1: Category ID | C1: Category Name | D1: Category Avg CMMI (formula) | E1: Subcategory Count
A2: Govern | B2: GV.OC | C2: Organizational Context | D2: =AVERAGEIF('Subcategory Scores'!$B:$B,"GV.OC",'Subcategory Scores'!$F:$F) -> 3 | E2: 5
A3: Govern | B3: GV.RM | C3: Risk Management Strategy | D3: =AVERAGEIF('Subcategory Scores'!$B:$B,"GV.RM",'Subcategory Scores'!$F:$F) -> 3 | E3: 7
A4: Govern | B4: GV.RR | C4: Roles, Responsibilities, and Authorities | D4: =AVERAGEIF('Subcategory Scores'!$B:$B,"GV.RR",'Subcategory Scores'!$F:$F) -> 3.5 | E4: 4 | G4: Note: A few judgment calls worth flagging PR.AA-05 is the anchor for your MFA hook, scored 1, explicitly tied to the incident log. Everything else was built to be consistent with that story rather than random — weak backup testing (PR.DS-11), thin post-incident closure criteria (RC.RP-04/06), and informal public comms during recovery (RC.CO-04) all reinforce the "policies and alarms exist, follow-through doesn't" narrative alongside Respond/Recover's flatter scores. GV.SC (supply chain) is Govern's weakest category (avg 2.5 against a function average of 3.0) — I used this to add texture to an otherwise strong Govern score, since outsourcing oversight is a very plausible soft spot even in a well-governed firm, and it gives you a natural GV.SC-08/09/10 drill-down for the demo. ~35 residual client questions is close to your "60-70 question bank" target once you add questions for the ~70 subcategories that don't have a gap (a shorter confirmatory question, or none at all if the document evidence is airtight) — you may not need a question for every one of the 106.
A5: Govern | B5: GV.PO | C5: Policy | D5: =AVERAGEIF('Subcategory Scores'!$B:$B,"GV.PO",'Subcategory Scores'!$F:$F) -> 3.5 | E5: 2
A6: Govern | B6: GV.OV | C6: Oversight | D6: =AVERAGEIF('Subcategory Scores'!$B:$B,"GV.OV",'Subcategory Scores'!$F:$F) -> 3 | E6: 3
A7: Govern | B7: GV.SC | C7: Cybersecurity Supply Chain Risk Management | D7: =AVERAGEIF('Subcategory Scores'!$B:$B,"GV.SC",'Subcategory Scores'!$F:$F) -> 2.7 | E7: 10
A8: Identify | B8: ID.AM | C8: Asset Management | D8: =AVERAGEIF('Subcategory Scores'!$B:$B,"ID.AM",'Subcategory Scores'!$F:$F) -> 2.1428571 | E8: 7
A9: Identify | B9: ID.RA | C9: Risk Assessment | D9: =AVERAGEIF('Subcategory Scores'!$B:$B,"ID.RA",'Subcategory Scores'!$F:$F) -> 1.9 | E9: 10
A10: Identify | B10: ID.IM | C10: Improvement | D10: =AVERAGEIF('Subcategory Scores'!$B:$B,"ID.IM",'Subcategory Scores'!$F:$F) -> 2 | E10: 4
A11: Protect | B11: PR.AA | C11: Identity Management, Authentication, and Access Control | D11: =AVERAGEIF('Subcategory Scores'!$B:$B,"PR.AA",'Subcategory Scores'!$F:$F) -> 2 | E11: 6
A12: Protect | B12: PR.AT | C12: Awareness and Training | D12: =AVERAGEIF('Subcategory Scores'!$B:$B,"PR.AT",'Subcategory Scores'!$F:$F) -> 2.5 | E12: 2
A13: Protect | B13: PR.DS | C13: Data Security | D13: =AVERAGEIF('Subcategory Scores'!$B:$B,"PR.DS",'Subcategory Scores'!$F:$F) -> 1.5 | E13: 4
A14: Protect | B14: PR.PS | C14: Platform Security | D14: =AVERAGEIF('Subcategory Scores'!$B:$B,"PR.PS",'Subcategory Scores'!$F:$F) -> 2.1666667 | E14: 6
A15: Protect | B15: PR.IR | C15: Technology Infrastructure Resilience | D15: =AVERAGEIF('Subcategory Scores'!$B:$B,"PR.IR",'Subcategory Scores'!$F:$F) -> 2 | E15: 4
A16: Detect | B16: DE.CM | C16: Continuous Monitoring | D16: =AVERAGEIF('Subcategory Scores'!$B:$B,"DE.CM",'Subcategory Scores'!$F:$F) -> 3 | E16: 5
A17: Detect | B17: DE.AE | C17: Adverse Event Analysis | D17: =AVERAGEIF('Subcategory Scores'!$B:$B,"DE.AE",'Subcategory Scores'!$F:$F) -> 3 | E17: 6
A18: Respond | B18: RS.MA | C18: Incident Management | D18: =AVERAGEIF('Subcategory Scores'!$B:$B,"RS.MA",'Subcategory Scores'!$F:$F) -> 2 | E18: 5
A19: Respond | B19: RS.AN | C19: Incident Analysis | D19: =AVERAGEIF('Subcategory Scores'!$B:$B,"RS.AN",'Subcategory Scores'!$F:$F) -> 2 | E19: 4
A20: Respond | B20: RS.CO | C20: Incident Response Reporting and Communication | D20: =AVERAGEIF('Subcategory Scores'!$B:$B,"RS.CO",'Subcategory Scores'!$F:$F) -> 2 | E20: 2
A21: Respond | B21: RS.MI | C21: Incident Mitigation | D21: =AVERAGEIF('Subcategory Scores'!$B:$B,"RS.MI",'Subcategory Scores'!$F:$F) -> 2 | E21: 2
A22: Recover | B22: RC.RP | C22: Incident Recovery Plan Execution | D22: =AVERAGEIF('Subcategory Scores'!$B:$B,"RC.RP",'Subcategory Scores'!$F:$F) -> 2 | E22: 6
A23: Recover | B23: RC.CO | C23: Incident Recovery Communication | D23: =AVERAGEIF('Subcategory Scores'!$B:$B,"RC.CO",'Subcategory Scores'!$F:$F) -> 2 | E23: 2

Sheet Function Summary (Tier Rollup)
A1: CSF Function | B1: Subcategory Count | C1: Function Avg CMMI (formula) | D1: Target CMMI (expert-set) | E1: Rolled-Up CSF Tier (formula)
A2: Govern | B2: 31 | C2: =AVERAGEIF('Subcategory Scores'!$A:$A,"Govern",'Subcategory Scores'!$F:$F) -> 3 | D2: 3 | E2: =IF(C2>=4,"Tier 4 (Adaptive)",IF(C2>=3,"Tier 3 (Repeatable)",IF(C2>=2,"Tier 2 (Risk Informed)","Tier 1 (Partial)"))) -> Tier 3 (Repeatable)
A3: Identify | B3: 21 | C3: =AVERAGEIF('Subcategory Scores'!$A:$A,"Identify",'Subcategory Scores'!$F:$F) -> 2 | D3: 2 | E3: =IF(C3>=4,"Tier 4 (Adaptive)",IF(C3>=3,"Tier 3 (Repeatable)",IF(C3>=2,"Tier 2 (Risk Informed)","Tier 1 (Partial)"))) -> Tier 2 (Risk Informed)
A4: Protect | B4: 22 | C4: =AVERAGEIF('Subcategory Scores'!$A:$A,"Protect",'Subcategory Scores'!$F:$F) -> 2 | D4: 2 | E4: =IF(C4>=4,"Tier 4 (Adaptive)",IF(C4>=3,"Tier 3 (Repeatable)",IF(C4>=2,"Tier 2 (Risk Informed)","Tier 1 (Partial)"))) -> Tier 2 (Risk Informed)
A5: Detect | B5: 11 | C5: =AVERAGEIF('Subcategory Scores'!$A:$A,"Detect",'Subcategory Scores'!$F:$F) -> 3 | D5: 3 | E5: =IF(C5>=4,"Tier 4 (Adaptive)",IF(C5>=3,"Tier 3 (Repeatable)",IF(C5>=2,"Tier 2 (Risk Informed)","Tier 1 (Partial)"))) -> Tier 3 (Repeatable)
A6: Respond | B6: 13 | C6: =AVERAGEIF('Subcategory Scores'!$A:$A,"Respond",'Subcategory Scores'!$F:$F) -> 2 | D6: 2 | E6: =IF(C6>=4,"Tier 4 (Adaptive)",IF(C6>=3,"Tier 3 (Repeatable)",IF(C6>=2,"Tier 2 (Risk Informed)","Tier 1 (Partial)"))) -> Tier 2 (Risk Informed)
A7: Recover | B7: 8 | C7: =AVERAGEIF('Subcategory Scores'!$A:$A,"Recover",'Subcategory Scores'!$F:$F) -> 2 | D7: 2 | E7: =IF(C7>=4,"Tier 4 (Adaptive)",IF(C7>=3,"Tier 3 (Repeatable)",IF(C7>=2,"Tier 2 (Risk Informed)","Tier 1 (Partial)"))) -> Tier 2 (Risk Informed)
A8: Org-wide (all 6 Functions) | B8: =SUM(B2:B7) -> 106 | C8: =AVERAGE(C2:C7) -> 2.3333333 | D8: =AVERAGE(D2:D7) -> 2.3333333 | E8: =IF(C8>=4,"Tier 4 (Adaptive)",IF(C8>=3,"Tier 3 (Repeatable)",IF(C8>=2,"Tier 2 (Risk Informed)","Tier 1 (Partial)"))) -> Tier 2 (Risk Informed)
A10: Note: CMMI scores in 'Subcategory Scores' are demo ground-truth assumptions (internal, not derived from real evidence). Tier is computed from the locked aggregation rule: 1.0-1.9=Tier 1, 2.0-2.9=Tier 2, 3.0-3.9=Tier 3, 4.0-5.0=Tier 4.
